stock_id,start,end,measure,market
052974,2026-07-15,2026-07-28,5分撮合,上市
059570,2026-07-03,2026-07-16,5分撮合,上市
066762,2026-07-07,2026-07-20,5分撮合,上市
1303,2026-06-24,2026-07-07,5分撮合,上市
1435,2026-06-30,2026-07-13,5分撮合,上市
1435,2026-07-03,2026-07-16,20分撮合,上市
1447,2026-07-06,2026-07-17,5分撮合,上市
1515,2026-07-07,2026-07-20,5分撮合,上市
1519,2025-11-06,2025-11-19,5分撮合,上市
1597,2026-05-07,2026-05-20,5分撮合,上市
1617,2026-07-06,2026-07-17,5分撮合,上市
1718,2026-07-07,2026-07-20,20分撮合,上市
1802,2025-08-20,2025-09-04,5分撮合,上市
1802,2026-01-23,2026-02-05,5分撮合,上市
1802,2026-03-04,2026-03-17,20分撮合,上市
1815,2025-08-19,2025-09-01,5分撮合,上櫃
1815,2026-03-06,2026-03-19,5分撮合,上櫃
2059,2026-05-13,2026-05-26,5分撮合,上市
2233,2026-06-30,2026-07-13,5分撮合,上市
22331,2026-06-30,2026-07-13,5分撮合,上櫃
2303,2026-07-02,2026-07-15,5分撮合,上市
2316,2026-06-25,2026-07-08,5分撮合,上市
2327,2026-05-26,2026-06-08,5分撮合,上市
2337,2026-01-12,2026-01-23,5分撮合,上市
2337,2026-03-19,2026-04-01,5分撮合,上市
2337,2026-03-24,2026-04-08,20分撮合,上市
2337,2026-06-03,2026-06-16,5分撮合,上市
2344,2025-10-21,2025-11-04,5分撮合,上市
2344,2025-11-04,2025-11-17,20分撮合,上市
2344,2026-01-09,2026-01-26,5分撮合,上市
2360,2026-03-03,2026-03-16,5分撮合,上市
2367,2026-03-05,2026-03-18,5分撮合,上市
2375,2026-06-01,2026-06-12,5分撮合,上市
2383,2026-06-18,2026-07-02,5分撮合,上市
2408,2025-09-23,2025-10-08,5分撮合,上市
2408,2025-12-08,2025-12-19,5分撮合,上市
2408,2026-01-09,2026-01-22,20分撮合,上市
2434,2026-07-15,2026-07-28,5分撮合,上市
2434,2026-07-20,2026-07-31,20分撮合,上市
2451,2025-11-14,2025-11-27,5分撮合,上市
2451,2026-03-23,2026-04-07,5分撮合,上市
2454,2026-05-07,2026-05-20,5分撮合,上市
2455,2026-03-02,2026-03-13,5分撮合,上市
2455,2026-04-13,2026-04-24,20分撮合,上市
2455,2026-05-06,2026-05-19,20分撮合,上市
2455,2026-05-27,2026-06-09,20分撮合,上市
2455,2026-06-22,2026-07-03,20分撮合,上市
2466,2026-07-08,2026-07-21,5分撮合,上市
2467,2026-03-05,2026-03-18,5分撮合,上市
2467,2026-04-15,2026-04-28,20分撮合,上市
2478,2026-05-26,2026-06-08,5分撮合,上市
2478,2026-06-22,2026-07-03,20分撮合,上市
2481,2026-06-26,2026-07-09,5分撮合,上市
2483,2026-06-30,2026-07-13,5分撮合,上市
2485,2026-01-20,2026-02-02,5分撮合,上市
2485,2026-03-20,2026-04-02,5分撮合,上市
2492,2026-05-15,2026-05-28,5分撮合,上市
2492,2026-05-27,2026-06-09,20分撮合,上市
2492,2026-06-01,2026-06-12,20分撮合,上市
2492,2026-06-04,2026-06-17,20分撮合,上市
2492,2026-06-24,2026-07-07,20分撮合,上市
2492,2026-07-16,2026-07-29,20分撮合,上市
2630,2025-08-19,2025-09-03,5分撮合,上市
3006,2026-01-06,2026-01-19,5分撮合,上市
3006,2026-01-09,2026-01-22,20分撮合,上市
3006,2026-03-20,2026-04-02,5分撮合,上市
3008,2026-05-20,2026-06-02,5分撮合,上市
3026,2026-04-15,2026-04-28,5分撮合,上市
3026,2026-05-12,2026-05-25,20分撮合,上市
3026,2026-05-15,2026-05-28,20分撮合,上市
3026,2026-05-26,2026-06-08,20分撮合,上市
3026,2026-05-29,2026-06-11,20分撮合,上市
3026,2026-06-18,2026-07-02,20分撮合,上市
3037,2026-03-03,2026-03-16,5分撮合,上市
3037,2026-03-19,2026-04-01,20分撮合,上市
3037,2026-04-14,2026-04-27,20分撮合,上市
3055,2026-07-06,2026-07-17,5分撮合,上市
3055,2026-07-09,2026-07-22,20分撮合,上市
3081,2025-06-16,2025-06-27,20分撮合,上櫃
3081,2025-07-14,2025-07-25,20分撮合,上櫃
3081,2025-08-04,2025-08-15,20分撮合,上櫃
3081,2025-08-25,2025-09-05,20分撮合,上櫃
3081,2025-09-22,2025-10-07,20分撮合,上櫃
3081,2025-11-03,2025-11-14,20分撮合,上櫃
3081,2025-12-02,2025-12-15,20分撮合,上櫃
3081,2025-12-23,2026-01-09,20分撮合,上櫃
3081,2026-01-30,2026-02-23,20分撮合,上櫃
3081,2026-02-04,2026-02-26,20分撮合,上櫃
3081,2026-03-12,2026-03-25,20分撮合,上櫃
3090,2026-05-22,2026-06-04,5分撮合,上市
3090,2026-05-27,2026-06-09,20分撮合,上市
3090,2026-06-23,2026-07-08,20分撮合,上市
3090,2026-07-20,2026-07-31,20分撮合,上市
3105,2026-03-03,2026-03-16,5分撮合,上櫃
3147,2026-07-06,2026-07-17,20分撮合,上櫃
3163,2025-11-04,2025-11-19,5分撮合,上櫃
3163,2025-12-16,2026-01-02,5分撮合,上櫃
3163,2026-01-12,2026-01-23,20分撮合,上櫃
3163,2026-02-02,2026-02-24,20分撮合,上櫃
3163,2026-02-24,2026-03-10,20分撮合,上櫃
3163,2026-03-02,2026-03-13,20分撮合,上櫃
3163,2026-03-18,2026-03-31,20分撮合,上櫃
3163,2026-04-10,2026-04-23,20分撮合,上櫃
3163,2026-05-07,2026-05-20,20分撮合,上櫃
3163,2026-06-22,2026-07-03,5分撮合,上櫃
3167,2025-09-10,2025-09-23,5分撮合,上市
3167,2026-02-24,2026-03-10,5分撮合,上市
3167,2026-03-17,2026-03-30,20分撮合,上市
3167,2026-04-08,2026-04-21,20分撮合,上市
3167,2026-04-13,2026-04-24,20分撮合,上市
3167,2026-04-16,2026-04-29,20分撮合,上市
3167,2026-05-05,2026-05-18,20分撮合,上市
3167,2026-05-26,2026-06-08,20分撮合,上市
3167,2026-06-17,2026-07-01,20分撮合,上市
3189,2026-03-20,2026-04-08,5分撮合,上市
3189,2026-05-28,2026-06-10,5分撮合,上市
3189,2026-07-03,2026-07-16,20分撮合,上市
3230,2026-07-01,2026-07-14,5分撮合,上櫃
3230,2026-07-06,2026-07-17,20分撮合,上櫃
3236,2026-05-28,2026-06-10,5分撮合,上櫃
3260,2026-01-02,2026-01-15,5分撮合,上櫃
3260,2026-01-07,2026-01-22,20分撮合,上櫃
3260,2026-03-19,2026-04-01,5分撮合,上櫃
3264,2026-01-06,2026-01-19,5分撮合,上櫃
3363,2025-06-06,2025-06-23,20分撮合,上櫃
3363,2025-08-19,2025-09-01,5分撮合,上櫃
3363,2025-09-09,2025-09-22,20分撮合,上櫃
3363,2025-12-05,2025-12-18,5分撮合,上櫃
3363,2026-03-02,2026-03-13,5分撮合,上櫃
3363,2026-03-25,2026-04-09,20分撮合,上櫃
3363,2026-04-24,2026-05-08,20分撮合,上櫃
3443,2026-04-17,2026-04-30,5分撮合,上市
3450,2026-06-30,2026-07-13,5分撮合,上市
3455,2026-04-14,2026-04-27,5分撮合,上櫃
3455,2026-05-08,2026-05-21,20分撮合,上櫃
3491,2025-12-18,2026-01-02,5分撮合,上櫃
3491,2026-01-23,2026-02-05,20分撮合,上櫃
3491,2026-02-05,2026-03-02,20分撮合,上櫃
3491,2026-03-04,2026-03-17,20分撮合,上櫃
3491,2026-03-12,2026-03-25,20分撮合,上櫃
3491,2026-05-26,2026-06-08,5分撮合,上櫃
3529,2026-02-26,2026-03-12,5分撮合,上櫃
3529,2026-04-22,2026-05-06,5分撮合,上櫃
3532,2026-04-16,2026-04-29,5分撮合,上市
3532,2026-05-11,2026-05-22,20分撮合,上市
3532,2026-05-29,2026-06-11,20分撮合,上市
3532,2026-06-22,2026-07-03,20分撮合,上市
3583,2026-04-14,2026-04-27,5分撮合,上市
3624,2026-06-24,2026-07-09,20分撮合,上櫃
3653,2026-04-24,2026-05-08,5分撮合,上市
3653,2026-05-13,2026-05-26,20分撮合,上市
3665,2026-05-20,2026-06-02,5分撮合,上市
3675,2026-05-25,2026-06-05,5分撮合,上櫃
3675,2026-06-25,2026-07-08,20分撮合,上櫃
3714,2026-04-20,2026-05-04,5分撮合,上市
4169,2026-07-10,2026-07-23,5分撮合,上市
4542,2026-07-15,2026-07-28,20分撮合,上櫃
45421,2026-07-15,2026-07-28,20分撮合,上櫃
4556,2026-07-15,2026-07-28,20分撮合,上櫃
4576,2026-04-16,2026-04-29,5分撮合,上市
4707,2026-07-09,2026-07-22,20分撮合,上櫃
4768,2025-08-21,2025-09-03,5分撮合,上櫃
4768,2025-10-14,2025-10-28,5分撮合,上櫃
4768,2025-12-22,2026-01-06,5分撮合,上櫃
4768,2026-03-05,2026-03-18,5分撮合,上櫃
4768,2026-04-24,2026-05-08,5分撮合,上櫃
4772,2025-09-01,2025-09-12,5分撮合,上櫃
4931,2025-09-01,2025-09-12,5分撮合,上櫃
4931,2025-12-05,2025-12-22,5分撮合,上櫃
4931,2025-12-24,2026-01-08,20分撮合,上櫃
4958,2026-05-28,2026-06-10,5分撮合,上市
4967,2025-10-16,2025-11-03,5分撮合,上市
4967,2026-01-13,2026-01-26,5分撮合,上市
4979,2026-03-03,2026-03-16,5分撮合,上櫃
4979,2026-03-27,2026-04-13,20分撮合,上櫃
4979,2026-04-21,2026-05-05,20分撮合,上櫃
4979,2026-05-13,2026-05-26,20分撮合,上櫃
4979,2026-06-03,2026-06-16,20分撮合,上櫃
5321,2026-06-29,2026-07-10,20分撮合,上櫃
53211,2026-06-29,2026-07-10,20分撮合,上櫃
5340,2025-11-18,2025-12-01,5分撮合,上櫃
5340,2026-01-22,2026-02-04,5分撮合,上櫃
5340,2026-02-23,2026-03-09,20分撮合,上櫃
5340,2026-03-17,2026-03-30,20分撮合,上櫃
5340,2026-04-21,2026-05-05,20分撮合,上櫃
5425,2026-06-26,2026-07-09,5分撮合,上櫃
5464,2026-06-29,2026-07-10,5分撮合,上櫃
54642,2026-06-29,2026-07-10,5分撮合,上櫃
5489,2026-06-26,2026-07-09,5分撮合,上櫃
6127,2025-09-30,2025-10-15,5分撮合,上櫃
6127,2025-10-27,2025-11-07,20分撮合,上櫃
6127,2026-06-12,2026-06-26,5分撮合,上櫃
6147,2026-04-15,2026-04-28,5分撮合,上櫃
6173,2026-04-21,2026-05-05,5分撮合,上櫃
6173,2026-05-12,2026-05-25,20分撮合,上櫃
6173,2026-05-15,2026-05-28,20分撮合,上櫃
6173,2026-05-28,2026-06-10,20分撮合,上櫃
6173,2026-06-17,2026-07-01,20分撮合,上櫃
6173,2026-07-17,2026-07-30,20分撮合,上櫃
6174,2026-07-09,2026-07-22,5分撮合,上櫃
61827,2026-07-08,2026-07-21,20分撮合,上櫃
61828,2026-07-07,2026-07-20,20分撮合,上櫃
61828,2026-07-10,2026-07-23,20分撮合,上櫃
6187,2026-03-03,2026-03-16,5分撮合,上櫃
6187,2026-03-06,2026-03-19,20分撮合,上櫃
6187,2026-03-30,2026-04-14,20分撮合,上櫃
6187,2026-06-17,2026-07-01,5分撮合,上櫃
6213,2025-08-22,2025-09-04,5分撮合,上市
6213,2026-04-23,2026-05-11,5分撮合,上市
6215,2025-08-15,2025-09-01,5分撮合,上市
6217,2026-07-06,2026-07-17,5分撮合,上櫃
6226,2026-06-30,2026-07-13,5分撮合,上市
6226,2026-07-03,2026-07-16,20分撮合,上市
6239,2026-05-29,2026-06-11,5分撮合,上市
62433,2026-06-29,2026-07-10,5分撮合,上櫃
6274,2026-04-17,2026-04-30,5分撮合,上櫃
6274,2026-05-11,2026-05-22,20分撮合,上櫃
6415,2026-04-24,2026-05-08,5分撮合,上市
6415,2026-06-24,2026-07-07,5分撮合,上市
6442,2025-07-25,2025-08-11,5分撮合,上市
6442,2025-12-01,2025-12-16,5分撮合,上市
6442,2026-02-04,2026-02-26,5分撮合,上市
6442,2026-03-09,2026-03-20,20分撮合,上市
6442,2026-04-22,2026-05-06,5分撮合,上市
6442,2026-06-08,2026-06-22,5分撮合,上市
6449,2026-05-19,2026-06-01,5分撮合,上市
6449,2026-05-22,2026-06-04,20分撮合,上市
6449,2026-06-01,2026-06-12,20分撮合,上市
6488,2025-09-23,2025-10-08,5分撮合,上櫃
6488,2025-11-12,2025-11-25,5分撮合,上櫃
6488,2026-05-12,2026-05-25,5分撮合,上櫃
6488,2026-06-01,2026-06-12,20分撮合,上櫃
6488,2026-06-22,2026-07-03,20分撮合,上櫃
6515,2025-09-04,2025-09-17,5分撮合,上市
6515,2026-03-26,2026-04-10,5分撮合,上市
6531,2026-04-27,2026-05-11,5分撮合,上市
6548,2026-06-04,2026-06-17,5分撮合,上櫃
6617,2026-07-08,2026-07-21,5分撮合,上櫃
6620,2026-06-26,2026-07-09,5分撮合,上櫃
6643,2026-04-24,2026-05-08,5分撮合,上櫃
66722,2026-07-07,2026-07-20,5分撮合,上櫃
6683,2026-06-29,2026-07-10,5分撮合,上櫃
6727,2025-08-11,2025-08-22,5分撮合,上櫃
6727,2025-08-14,2025-08-27,20分撮合,上櫃
6727,2025-08-19,2025-09-01,20分撮合,上櫃
6727,2025-10-29,2025-11-11,5分撮合,上櫃
6727,2026-03-18,2026-03-31,5分撮合,上櫃
6727,2026-04-08,2026-04-21,20分撮合,上櫃
6770,2026-01-09,2026-01-22,5分撮合,上市
6770,2026-06-02,2026-06-15,5分撮合,上市
6831,2026-07-15,2026-07-28,5分撮合,上市
6890,2026-06-09,2026-06-23,5分撮合,上市
6890,2026-06-12,2026-06-26,20分撮合,上市
6907,2026-07-17,2026-07-30,5分撮合,上櫃
707059,2026-06-29,2026-07-10,20分撮合,上櫃
708915,2026-07-09,2026-07-22,5分撮合,上櫃
7556,2026-04-17,2026-04-30,5分撮合,上櫃
7703,2025-09-04,2025-09-17,5分撮合,上櫃
7714,2026-07-17,2026-07-30,5分撮合,上櫃
7769,2026-05-14,2026-05-27,5分撮合,上市
7795,2026-07-06,2026-07-17,5分撮合,上市
8021,2026-07-03,2026-07-16,20分撮合,上市
80212,2026-07-03,2026-07-16,20分撮合,上櫃
8024,2026-06-30,2026-07-13,5分撮合,上櫃
8027,2026-05-06,2026-05-19,5分撮合,上櫃
8027,2026-05-25,2026-06-05,20分撮合,上櫃
8027,2026-06-18,2026-07-02,20分撮合,上櫃
8027,2026-07-14,2026-07-27,20分撮合,上櫃
80273,2026-07-14,2026-07-27,20分撮合,上櫃
8033,2025-08-01,2025-08-18,5分撮合,上市
8033,2025-08-08,2025-08-21,20分撮合,上市
8033,2025-08-29,2025-09-11,20分撮合,上市
8033,2025-09-19,2025-10-03,20分撮合,上市
8033,2025-10-15,2025-10-29,20分撮合,上市
8033,2025-12-04,2025-12-19,5分撮合,上市
8033,2026-01-15,2026-01-28,20分撮合,上市
8033,2026-03-06,2026-03-19,20分撮合,上市
8033,2026-07-03,2026-07-16,5分撮合,上市
8042,2026-05-11,2026-05-22,5分撮合,上櫃
8042,2026-05-14,2026-05-27,20分撮合,上櫃
8042,2026-05-28,2026-06-10,20分撮合,上櫃
8042,2026-06-18,2026-07-02,20分撮合,上櫃
8043,2025-10-28,2025-11-12,5分撮合,上櫃
8043,2025-11-25,2025-12-08,20分撮合,上櫃
8043,2026-04-20,2026-05-04,5分撮合,上櫃
8046,2026-01-22,2026-02-04,5分撮合,上市
8046,2026-01-27,2026-02-09,20分撮合,上市
8046,2026-03-02,2026-03-13,20分撮合,上市
8096,2026-07-16,2026-07-29,20分撮合,上櫃
80962,2026-07-16,2026-07-29,20分撮合,上櫃
80963,2026-07-16,2026-07-29,20分撮合,上櫃
8155,2026-03-24,2026-04-08,5分撮合,上櫃
8261,2026-07-09,2026-07-24,5分撮合,上市
8291,2026-07-16,2026-07-29,5分撮合,上櫃
8299,2025-09-17,2025-10-01,5分撮合,上櫃
8299,2025-10-13,2025-10-27,20分撮合,上櫃
8299,2026-01-07,2026-01-20,5分撮合,上櫃
8358,2025-08-19,2025-09-01,5分撮合,上櫃
8358,2025-10-21,2025-11-04,5分撮合,上櫃
8358,2025-11-06,2025-11-19,20分撮合,上櫃
8358,2025-11-26,2025-12-09,20分撮合,上櫃
8358,2025-12-17,2025-12-31,20分撮合,上櫃
8358,2026-01-09,2026-01-22,20分撮合,上櫃
8358,2026-01-30,2026-02-23,20分撮合,上櫃
8358,2026-03-06,2026-03-19,20分撮合,上櫃
8358,2026-04-22,2026-05-06,5分撮合,上櫃
8358,2026-05-15,2026-05-28,20分撮合,上櫃
8358,2026-06-05,2026-06-18,20分撮合,上櫃
8383,2026-07-20,2026-07-31,5分撮合,上櫃
8996,2025-10-20,2025-11-03,5分撮合,上市
8996,2025-11-11,2025-11-24,20分撮合,上市
8996,2025-12-08,2025-12-19,20分撮合,上市
8996,2026-01-16,2026-01-29,20分撮合,上市
8996,2026-02-25,2026-03-11,20分撮合,上市
8996,2026-04-15,2026-04-28,5分撮合,上市
8996,2026-06-24,2026-07-07,5分撮合,上市
911608,2026-07-06,2026-07-17,5分撮合,上市
